insert into books_word(id, word, explains, difficult, pronunciation, has_polyphone, create_time, modify_time, other_spelt, spelt_sound, type, junior_level, senior_level) values (1, 'apartment', ' ＜美＞公寓住宅；单元住宅；一套房间；房间，楼中的单元房', 3, 'acute', 0, ('05-06-2009 11:37:26'), ('23-03-2013 09:39:34'), '9', '0', 1, 1, 1);
insert into books_word(id, word, explains, difficult, pronunciation, has_polyphone, create_time, modify_time, other_spelt, spelt_sound, type, junior_level, senior_level) values (2, 'actually', '实际上；事实上；真实地；居然；竟然', 2, 'fayin', 0, ('05-06-2009 11:38:29'), ('06-02-2010 16:23:15'), '9', '0', 1, 1, 1);
insert into books_word(id, word, explains, difficult, pronunciation, has_polyphone, create_time, modify_time, other_spelt, spelt_sound, type, junior_level, senior_level) values (3, 'AD', '（＝Anno Domini）公元', 1, '9', 0, ('05-06-2009 11:39:01'), ('22-03-2013 16:39:54'), 'A.D.', '0', 3, 2, 1);
insert into books_word(id, word, explains, difficult, pronunciation, has_polyphone, create_time, modify_time, other_spelt, spelt_sound, type, junior_level, senior_level) values (4, 'base', '以为根据；以作基础；基于基部；基地；基础；总部；底部；根据地', 1, 'be45618s', 0, ('05-06-2009 11:39:50'), ('23-03-2013 14:49:15'), '9', '0', 1, 1, 1);
insert into books_word(id, word, explains, difficult, pronunciation, has_polyphone, create_time, modify_time, other_spelt, spelt_sound, type, junior_level, senior_level) values (5, 'at present', '现在；目前', 2, '9', 0, ('05-06-2009 11:40:17'), ('05-07-2009 15:55:05'), '9', '0', 2, 1, 1);
insert into books_word(id, word, explains, difficult, pronunciation, has_polyphone, create_time, modify_time, other_spelt, spelt_sound, type, junior_level, senior_level) values (6, 'Danish', '丹麦的；丹麦人的；丹麦语的', 2, 'acute', 0, ('05-06-2009 11:43:23'), ('06-02-2010 15:15:24'), '9', '0', 1, 0, 2);
insert into books_word(id, word, explains, difficult, pronunciation, has_polyphone, create_time, modify_time, other_spelt, spelt_sound, type, junior_level, senior_level) values (7, 'enrich', '使富裕；充实；改善；使丰富', 2, 'acute', 0, ('05-06-2009 11:44:24'), ('07-07-2009 16:49:35'), '9', '0', 1, 2, 1);
insert into books_word(id, word, explains, difficult, pronunciation, has_polyphone, create_time, modify_time, other_spelt, spelt_sound, type, junior_level, senior_level) values (8, 'vocabulary', '词汇；词汇量；词表', 3, 'dfsfasf', 0, ('05-06-2009 11:45:36'), ('29-03-2013 09:19:28'), '9', '0', 1, 1, 2);
insert into books_word(id, word, explains, difficult, pronunciation, has_polyphone, create_time, modify_time, other_spelt, spelt_sound, type, junior_level, senior_level) values (9, 'fluent', ' 流利的；流畅的', 2, 'acute', 0, ('05-06-2009 11:53:20'), ('25-03-2013 09:51:06'), 9, 0, 1, 2, 1);
insert into books_word(id, word, explains, difficult, pronunciation, has_polyphone, create_time, modify_time, other_spelt, spelt_sound, type, junior_level, senior_level) values (10, 'fluently', '流利地；流畅地', 2, 'acute', 0, ('05-06-2009 11:54:21'), ('03-07-2009 17:07:10'), 9, 0, 1, 2, 1);
insert into books_word(id, word, explains, difficult, pronunciation, has_polyphone, create_time, modify_time, other_spelt, spelt_sound, type, junior_level, senior_level) values (11, 'Singapore', '新加坡（东南亚国家）', 3, 'acute', 0, ('05-06-2009 11:55:30'), ('06-12-2009 10:58:39'), 9, 0, 1, 2, 2);
insert into books_word(id, word, explains, difficult, pronunciation, has_polyphone, create_time, modify_time, other_spelt, spelt_sound, type, junior_level, senior_level) values (12, 'Malaysia', '马来西亚（东南亚国家）；马来群岛', 2, 'acute', 0, ('05-06-2009 14:35:22'), ('04-07-2009 17:05:11'), 9, 0, 1, 0, 2);
insert into books_word(id, word, explains, difficult, pronunciation, has_polyphone, create_time, modify_time, other_spelt, spelt_sound, type, junior_level, senior_level) values (13, 'such as', '例如像这种的；诸如之类的', 1, '9', 0, ('05-06-2009 14:35:50'), ('20-09-2012 12:30:06'), 9, 0, 2, 1, 1);
insert into books_word(id, word, explains, difficult, pronunciation, has_polyphone, create_time, modify_time, other_spelt, spelt_sound, type, junior_level, senior_level) values (14, 'frequent', '时常发生的；经常的；频繁的；常见的', 2, 'acute', 0, ('05-06-2009 14:36:56'), ('25-02-2014 11:13:04'), 9, 0, 1, 2, 1);
insert into books_word(id, word, explains, difficult, pronunciation, has_polyphone, create_time, modify_time, other_spelt, spelt_sound, type, junior_level, senior_level) values (15, 'characteristic', '特征；特性；特色.特有的，典型的', 3, 'acute', 0, ('05-06-2009 14:37:26'), ('24-03-2013 09:17:02'), 9, 0, 1, 1, 1);
insert into books_word(id, word, explains, difficult, pronunciation, has_polyphone, create_time, modify_time, other_spelt, spelt_sound, type, junior_level, senior_level) values (16, 'frequently', '常常；频繁地；时常；经常', 3, 'acute', 0, ('05-06-2009 14:37:46'), ('29-07-2009 16:29:11'), 9, 0, 1, 2, 1);
insert into books_word(id, word, explains, difficult, pronunciation, has_polyphone, create_time, modify_time, other_spelt, spelt_sound, type, junior_level, senior_level) values (17, 'usage', '使用；用法；词语惯用法', 2, 'acute', 0, ('05-06-2009 14:39:03'), ('27-06-2009 17:59:43'), 9, 0, 1, 2, 9);
insert into books_word(id, word, explains, difficult, pronunciation, has_polyphone, create_time, modify_time, other_spelt, spelt_sound, type, junior_level, senior_level) values (18, 'command', '命令；指令；掌握；指挥；控制；号召', 2, 'acute', 0, ('05-06-2009 14:39:54'), ('24-03-2013 10:22:14'), 9, 0, 1, 1, 1);
insert into books_word(id, word, explains, difficult, pronunciation, has_polyphone, create_time, modify_time, other_spelt, spelt_sound, type, junior_level, senior_level) values (19, 'request', '正式或礼貌的请求；要求', 2, 'acute', 0, ('05-06-2009 14:40:48'), ('27-03-2013 11:39:58'), 9, 0, 1, 1, 1);
insert into books_word(id, word, explains, difficult, pronunciation, has_polyphone, create_time, modify_time, other_spelt, spelt_sound, type, junior_level, senior_level) values (20, 'dialect', '方言', 2, 'lekt', 0, ('05-06-2009 14:41:52'), ('02-07-2009 09:18:51'), 9, 0, 1, 0, 2);
insert into books_word(id, word, explains, difficult, pronunciation, has_polyphone, create_time, modify_time, other_spelt, spelt_sound, type, junior_level, senior_level) values (21, 'expression', '词语；表示；表达说法；表情；措辞', 3, 'acute', 0, ('05-06-2009 14:42:45'), ('25-03-2013 08:19:32'), 9, 0, 1, 1, 2);
insert into books_word(id, word, explains, difficult, pronunciation, has_polyphone, create_time, modify_time, other_spelt, spelt_sound, type, junior_level, senior_level) values (22, 'radium', '镭', 2, 'acute', 0, ('05-06-2009 14:43:01'), ('27-03-2013 10:42:50'), 9, 0, 1, 2, 2);
insert into books_word(id, word, explains, difficult, pronunciation, has_polyphone, create_time, modify_time, other_spelt, spelt_sound, type, junior_level, senior_level) values (23, 'African', '非洲的；非洲人的；非洲语言的,非洲人', 2, 'acute', 0, ('05-06-2009 14:44:23'), ('22-03-2013 17:29:05'), 9, 0, 1, 2, 1);
insert into books_word(id, word, explains, difficult, pronunciation, has_polyphone, create_time, modify_time, other_spelt, spelt_sound, type, junior_level, senior_level) values (24, 'painter', '画家；油漆匠', 2, 'acute', 0, ('05-06-2009 14:44:55'), ('26-03-2013 17:36:48'), 9, 0, 1, 0, 2);
insert into books_word(id, word, explains, difficult, pronunciation, has_polyphone, create_time, modify_time, other_spelt, spelt_sound, type, junior_level, senior_level) values (25, 'Spanish', '西班牙的；西班牙人的；西班牙语的,西班牙人；西班牙语', 2, 'acute', 0, ('05-06-2009 14:45:16'), ('27-03-2013 17:22:21'), 9, 0, 1, 2, 2);
insert into books_word(id, word, explains, difficult, pronunciation, has_polyphone, create_time, modify_time, other_spelt, spelt_sound, type, junior_level, senior_level) values (26, 'Lester', '莱斯特（姓氏；男名）', 2, 'acutelest', 0, ('05-06-2009 14:53:06'), ('05-06-2009 14:53:06'), 9, 0, 4, 0, 9);
insert into books_word(id, word, explains, difficult, pronunciation, has_polyphone, create_time, modify_time, other_spelt, spelt_sound, type, junior_level, senior_level) values (27, 'conclusion', '结论；结束；推论', 3, 'acute', 0, ('05-06-2009 14:53:10'), ('24-03-2013 10:47:05'), 9, 0, 1, 2, 1);
insert into books_word(id, word, explains, difficult, pronunciation, has_polyphone, create_time, modify_time, other_spelt, spelt_sound, type, junior_level, senior_level) values (28, 'catfish', '鲶鱼', 2, 'acute', 0, ('05-06-2009 14:53:50'), ('05-06-2009 14:53:50'), 9, 0, 4, 0, 2);

INSERT INTO books_edition (ID, NAME, CREATE_TIME, MODIFY_TIME, UNIT_ENABLE) VALUES (1, '人民教育出版社新课程标准教材', '2009-06-08 21:58:26', '2013-04-22 13:42:04', 1);
INSERT INTO books_edition (ID, NAME, CREATE_TIME, MODIFY_TIME, UNIT_ENABLE) VALUES (22, '全国高考词汇表', '2011-05-14 16:00:37', '2014-08-15 14:29:57', 0);
INSERT INTO books_edition (ID, NAME, CREATE_TIME, MODIFY_TIME, UNIT_ENABLE) VALUES (2, '人民教育出版社高中课程标准实验教材', '2009-06-09 17:32:07', '2013-04-22 11:20:03', 1);
INSERT INTO books_edition (ID, NAME, CREATE_TIME, MODIFY_TIME, UNIT_ENABLE) VALUES (10, '北京师范大学出版社课改实验教材(初中)', '2009-06-24 18:28:21', '2014-05-21 16:12:44', 1);
INSERT INTO books_edition (ID, NAME, CREATE_TIME, MODIFY_TIME, UNIT_ENABLE) VALUES (16, '人民教育出版社九年义务教育教材', '2009-07-04 07:18:23', '2014-01-23 13:49:08', 0);
INSERT INTO books_edition (ID, NAME, CREATE_TIME, MODIFY_TIME, UNIT_ENABLE) VALUES (17, '人民教育出版社九年义务教育四年制教材', '2009-07-04 07:18:43', '2014-01-23 13:49:19', 0);
INSERT INTO books_edition (ID, NAME, CREATE_TIME, MODIFY_TIME, UNIT_ENABLE) VALUES (13, '外语教学与研究出版社九年义务实验教材', '2009-07-01 07:53:56', '2014-01-23 13:48:55', 0);
INSERT INTO books_edition (ID, NAME, CREATE_TIME, MODIFY_TIME, UNIT_ENABLE) VALUES (5, '外语教学与研究出版社课程标准教材(高中)', '2009-06-22 07:39:28', '2013-09-03 11:00:09', 1);
INSERT INTO books_edition (ID, NAME, CREATE_TIME, MODIFY_TIME, UNIT_ENABLE) VALUES (8, '人民教育出版社高中全日制普通教材', '2009-06-24 18:27:41', '2014-01-23 13:48:29', 0);
INSERT INTO books_edition (ID, NAME, CREATE_TIME, MODIFY_TIME, UNIT_ENABLE) VALUES (15, '黑龙江教育出版社课程标准实验教材', '2009-07-04 07:17:59', '2014-01-23 13:49:01', 0);
INSERT INTO books_edition (ID, NAME, CREATE_TIME, MODIFY_TIME, UNIT_ENABLE) VALUES (18, '上海教育出版社新课程标准教材', '2009-07-04 07:19:06', '2013-09-03 11:07:40', 1);
INSERT INTO books_edition (ID, NAME, CREATE_TIME, MODIFY_TIME, UNIT_ENABLE) VALUES (20, '外研版新课程标准教材（小学）', '2009-11-30 22:18:17', '2014-05-21 16:53:24', 1);
INSERT INTO books_edition (ID, NAME, CREATE_TIME, MODIFY_TIME, UNIT_ENABLE) VALUES (21, '新概念英语', '2010-02-06 08:06:47', '2014-05-21 16:17:12', 1);
INSERT INTO books_edition (ID, NAME, CREATE_TIME, MODIFY_TIME, UNIT_ENABLE) VALUES (27, '北京师范大学出版社课改实验教材(小学)', '2013-01-28 17:15:29', '2014-02-26 09:59:16', 1);
INSERT INTO books_edition (ID, NAME, CREATE_TIME, MODIFY_TIME, UNIT_ENABLE) VALUES (3, '湖南教育出版社课程标准教材', '2009-06-09 17:33:09', '2014-01-23 13:48:22', 0);
INSERT INTO books_edition (ID, NAME, CREATE_TIME, MODIFY_TIME, UNIT_ENABLE) VALUES (6, '译林出版社课程标准实验教材', '2009-06-24 07:33:45', '2013-09-03 11:01:27', 1);
INSERT INTO books_edition (ID, NAME, CREATE_TIME, MODIFY_TIME, UNIT_ENABLE) VALUES (12, '北京出版社 北京教育出版社课改实验教材', '2009-07-01 07:53:21', '2016-05-13 10:21:09', 0);
INSERT INTO books_edition (ID, NAME, CREATE_TIME, MODIFY_TIME, UNIT_ENABLE) VALUES (19, '人民教育出版社新课程标准教材（小学）', '2009-11-30 14:32:59', '2014-05-21 16:16:49', 1);

INSERT INTO books_category VALUES (1, '最新北京高考单词过关（考纲）', ('2011-05-17 15:21:38'), ('2019-06-01 18:56:42'), 0, 1, 252, '#', 1);
INSERT INTO books_category VALUES (2, '最新全国高考通用英语词汇', ('2013-03-22 08:02:35'), ('2014-08-15 14:31:22'), 0, 1, 285, '#', 2);



insert into information_classes values (1, '这是一个1的班级', 60, '飞扬班');
insert into information_classes values (2, '这是一个2的班级', 60, '拉卡拉了班');
insert into information_classes values (3, '这是一个3的班级', 90, '我了个班');
insert into information_classes values (4, '这是一个4的班级', 80, '我的班');
insert into information_classes values (5, '这是一个5的班级', 80, '凌曌班');
insert into information_classes values (6, '这是一个6的班级', 80, '阳光班');
insert into information_classes values (7, '这是一个7的班级', 80, '凌云班');
insert into information_classes values (8, '这是一个8的班级', 80, '正则班');
insert into information_classes values (9, '这是一个9的班级', 80, '放飞班');
insert into information_classes values (10, '这是一个10的班级', 80, '解放班2');
insert into information_classes values (11, '这是一个11的班级', 60, '飞扬班2');
insert into information_classes values (12, '这是一个12的班级', 60, '拉卡拉了班2');
insert into information_classes values (13, '这是一个13的班级', 90, '我了个班');
insert into information_classes values (14, '这是一个14的班级', 80, '我的班2');
insert into information_classes values (15, '这是一个15的班级', 80, '凌曌班2');
insert into information_classes values (16, '这是一个16的班级', 80, '阳光班2');
insert into information_classes values (17, '这是一个17的班级', 80, '凌云班2');
insert into information_classes values (18, '这是一个18的班级', 80, '正则班2');
insert into information_classes values (19, '这是一个19的班级', 80, '放飞班2');
insert into information_classes values (20, '这是一个20的班级', 80, '解放班2');
insert into information_classes values (21, '这是一个21的班级', 60, '飞扬班2');
insert into information_classes values (22, '这是一个22的班级', 60, '拉卡班2');
insert into information_classes values (23, '这是一个23的班级', 90, '我班2');
insert into information_classes values (25, '这是一个25的班级', 80, '凌曌班3');
insert into information_classes values (26, '这是一个26的班级', 80, '阳光班3');
insert into information_classes values (27, '这是一个27的班级', 80, '凌云班3');
insert into information_classes values (28, '这是一个28的班级', 80, '正则班3');
insert into information_classes values (29, '这是一个29的班级', 80, '放飞班3');
insert into information_classes values (30, '这是一个30的班级', 80, '解放班3');
insert into information_classes values (31, '这是一个31的班级', 60, '飞扬班3');
insert into information_classes values (32, '这是一个32的班级', 60, '拉卡拉了班3');
insert into information_classes values (33, '这是一个33的班级', 90, '我了班3');
insert into information_classes values (34, '这是一个34的班级', 80, '我的班4');
insert into information_classes values (35, '这是一个35的班级', 80, '凌曌班4');
insert into information_classes values (36, '这是一个36的班级', 80, '阳光班4');
insert into information_classes values (37, '这是一个37的班级', 80, '凌云班4');
insert into information_classes values (38, '这是一个38的班级', 80, '正则班4');
insert into information_classes values (39, '这是一个39的班级', 80, '放飞班4');
insert into information_classes values (40, '这是一个40的班级', 80, '解放班4');

INSERT INTO books_unitinfo(unit_id, unit_num, book_id, total_number) VALUES (1, 1, 1, 7);
INSERT INTO books_unitinfo(unit_id, unit_num, book_id, total_number) VALUES (2, 2, 1, 7);
INSERT INTO books_unitinfo(unit_id, unit_num, book_id, total_number) VALUES (3, 1, 2, 7);
INSERT INTO books_unitinfo(unit_id, unit_num, book_id, total_number) VALUES (4, 2, 2, 7);

INSERT INTO books_unitword(unit_id, word_id) VALUES (1, 1);
INSERT INTO books_unitword(unit_id, word_id) VALUES (1, 2);
INSERT INTO books_unitword(unit_id, word_id) VALUES (1, 3);
INSERT INTO books_unitword(unit_id, word_id) VALUES (1, 4);
INSERT INTO books_unitword(unit_id, word_id) VALUES (1, 5);
INSERT INTO books_unitword(unit_id, word_id) VALUES (1, 6);
INSERT INTO books_unitword(unit_id, word_id) VALUES (1, 7);
INSERT INTO books_unitword(unit_id, word_id) VALUES (2, 8);
INSERT INTO books_unitword(unit_id, word_id) VALUES (2, 9);
INSERT INTO books_unitword(unit_id, word_id) VALUES (2, 10);
INSERT INTO books_unitword(unit_id, word_id) VALUES (2, 11);
INSERT INTO books_unitword(unit_id, word_id) VALUES (2, 12);
INSERT INTO books_unitword(unit_id, word_id) VALUES (2, 13);
INSERT INTO books_unitword(unit_id, word_id) VALUES (2, 14);
INSERT INTO books_unitword(unit_id, word_id) VALUES (3, 15);
INSERT INTO books_unitword(unit_id, word_id) VALUES (3, 16);
INSERT INTO books_unitword(unit_id, word_id) VALUES (3, 17);
INSERT INTO books_unitword(unit_id, word_id) VALUES (3, 18);
INSERT INTO books_unitword(unit_id, word_id) VALUES (3, 19);
INSERT INTO books_unitword(unit_id, word_id) VALUES (3, 20);
INSERT INTO books_unitword(unit_id, word_id) VALUES (3, 21);
INSERT INTO books_unitword(unit_id, word_id) VALUES (4, 22);
INSERT INTO books_unitword(unit_id, word_id) VALUES (4, 23);
INSERT INTO books_unitword(unit_id, word_id) VALUES (4, 24);
INSERT INTO books_unitword(unit_id, word_id) VALUES (4, 25);
INSERT INTO books_unitword(unit_id, word_id) VALUES (4, 26);
INSERT INTO books_unitword(unit_id, word_id) VALUES (4, 27);
INSERT INTO books_unitword(unit_id, word_id) VALUES (4, 28);

INSERT INTO books_classification(ID, WORD_ID, CATEGORY_ID, SEQUENCE, CREATE_TIME, MODIFY_TIME, GRA_ID) VALUES (1, 1, 1, 1, ('2013-03-26 16:09:54'),  ('2013-03-26 16:09:54'), 0);
INSERT INTO books_classification(ID, WORD_ID, CATEGORY_ID, SEQUENCE, CREATE_TIME, MODIFY_TIME, GRA_ID) VALUES (2, 2, 1, 2, ('2013-03-26 16:09:54'),  ('2013-03-26 16:09:54'), 0);
INSERT INTO books_classification(ID, WORD_ID, CATEGORY_ID, SEQUENCE, CREATE_TIME, MODIFY_TIME, GRA_ID) VALUES (3, 3, 1, 3, ('2013-03-26 16:10:14'),  ('2013-03-26 16:10:14'), 6);
INSERT INTO books_classification(ID, WORD_ID, CATEGORY_ID, SEQUENCE, CREATE_TIME, MODIFY_TIME, GRA_ID) VALUES (4, 4, 1, 4, ('2013-03-26 16:10:25'),  ('2013-03-26 16:10:25'), 0);
INSERT INTO books_classification(ID, WORD_ID, CATEGORY_ID, SEQUENCE, CREATE_TIME, MODIFY_TIME, GRA_ID) VALUES (5, 5, 1, 5, ('2009-07-01 10:44:22'),  ('2009-07-01 10:44:22'), 2);
INSERT INTO books_classification(ID, WORD_ID, CATEGORY_ID, SEQUENCE, CREATE_TIME, MODIFY_TIME, GRA_ID) VALUES (6, 6, 1, 6, ('2009-07-01 10:44:22'),  ('2009-07-01 10:44:22'), 5);
INSERT INTO books_classification(ID, WORD_ID, CATEGORY_ID, SEQUENCE, CREATE_TIME, MODIFY_TIME, GRA_ID) VALUES (7, 7, 1, 7, ('2009-07-05 15:01:01'),  ('2009-07-05 15:01:01'), 5);
INSERT INTO books_classification(ID, WORD_ID, CATEGORY_ID, SEQUENCE, CREATE_TIME, MODIFY_TIME, GRA_ID) VALUES (8, 8, 1, 8, ('2009-07-05 15:01:01'),  ('2009-07-05 15:01:01'), 6);
INSERT INTO books_classification(ID, WORD_ID, CATEGORY_ID, SEQUENCE, CREATE_TIME, MODIFY_TIME, GRA_ID) VALUES (9, 9, 1, 9, ('2013-03-26 16:09:54'),  ('2013-03-26 16:09:54'), 0);
INSERT INTO books_classification(ID, WORD_ID, CATEGORY_ID, SEQUENCE, CREATE_TIME, MODIFY_TIME, GRA_ID) VALUES (10, 10, 1, 10, ('2013-03-26 16:09:54'),  ('2013-03-26 16:09:54'), 0);
INSERT INTO books_classification(ID, WORD_ID, CATEGORY_ID, SEQUENCE, CREATE_TIME, MODIFY_TIME, GRA_ID) VALUES (11, 11, 1, 11, ('2013-03-26 16:10:14'),  ('2013-03-26 16:10:14'), 6);
INSERT INTO books_classification(ID, WORD_ID, CATEGORY_ID, SEQUENCE, CREATE_TIME, MODIFY_TIME, GRA_ID) VALUES (12, 12, 1, 12, ('2013-03-26 16:10:25'),  ('2013-03-26 16:10:25'), 0);
INSERT INTO books_classification(ID, WORD_ID, CATEGORY_ID, SEQUENCE, CREATE_TIME, MODIFY_TIME, GRA_ID) VALUES (13, 13, 1, 13, ('2009-07-01 10:44:22'),  ('2009-07-01 10:44:22'), 2);
INSERT INTO books_classification(ID, WORD_ID, CATEGORY_ID, SEQUENCE, CREATE_TIME, MODIFY_TIME, GRA_ID) VALUES (14, 14, 1, 14, ('2009-07-01 10:44:22'),  ('2009-07-01 10:44:22'), 5);
INSERT INTO books_classification(ID, WORD_ID, CATEGORY_ID, SEQUENCE, CREATE_TIME, MODIFY_TIME, GRA_ID) VALUES (15, 15, 2, 1, ('2009-07-05 15:01:01'),  ('2009-07-05 15:01:01'), 5);
INSERT INTO books_classification(ID, WORD_ID, CATEGORY_ID, SEQUENCE, CREATE_TIME, MODIFY_TIME, GRA_ID) VALUES (16, 16, 2, 2, ('2009-07-05 15:01:01'),  ('2009-07-05 15:01:01'), 6);
INSERT INTO books_classification(ID, WORD_ID, CATEGORY_ID, SEQUENCE, CREATE_TIME, MODIFY_TIME, GRA_ID) VALUES (17, 17, 2, 3, ('2013-03-26 16:09:54'),  ('2013-03-26 16:09:54'), 0);
INSERT INTO books_classification(ID, WORD_ID, CATEGORY_ID, SEQUENCE, CREATE_TIME, MODIFY_TIME, GRA_ID) VALUES (18, 18, 2, 4, ('2013-03-26 16:09:54'),  ('2013-03-26 16:09:54'), 0);
INSERT INTO books_classification(ID, WORD_ID, CATEGORY_ID, SEQUENCE, CREATE_TIME, MODIFY_TIME, GRA_ID) VALUES (19, 19, 2, 5, ('2013-03-26 16:10:14'),  ('2013-03-26 16:10:14'), 6);
INSERT INTO books_classification(ID, WORD_ID, CATEGORY_ID, SEQUENCE, CREATE_TIME, MODIFY_TIME, GRA_ID) VALUES (20, 20, 2, 6, ('2013-03-26 16:10:25'),  ('2013-03-26 16:10:25'), 0);
INSERT INTO books_classification(ID, WORD_ID, CATEGORY_ID, SEQUENCE, CREATE_TIME, MODIFY_TIME, GRA_ID) VALUES (21, 21, 2, 7, ('2009-07-01 10:44:22'),  ('2009-07-01 10:44:22'), 2);
INSERT INTO books_classification(ID, WORD_ID, CATEGORY_ID, SEQUENCE, CREATE_TIME, MODIFY_TIME, GRA_ID) VALUES (22, 22, 2, 8, ('2009-07-01 10:44:22'),  ('2009-07-01 10:44:22'), 5);
INSERT INTO books_classification(ID, WORD_ID, CATEGORY_ID, SEQUENCE, CREATE_TIME, MODIFY_TIME, GRA_ID) VALUES (23, 23, 2, 9, ('2009-07-05 15:01:01'),  ('2009-07-05 15:01:01'), 5);
INSERT INTO books_classification(ID, WORD_ID, CATEGORY_ID, SEQUENCE, CREATE_TIME, MODIFY_TIME, GRA_ID) VALUES (24, 24, 2, 10, ('2009-07-05 15:01:01'),  ('2009-07-05 15:01:01'), 6);
INSERT INTO books_classification(ID, WORD_ID, CATEGORY_ID, SEQUENCE, CREATE_TIME, MODIFY_TIME, GRA_ID) VALUES (25, 25, 2, 11, ('2009-07-01 10:44:22'),  ('2009-07-01 10:44:22'), 2);
INSERT INTO books_classification(ID, WORD_ID, CATEGORY_ID, SEQUENCE, CREATE_TIME, MODIFY_TIME, GRA_ID) VALUES (26, 26, 2, 12, ('2009-07-01 10:44:22'),  ('2009-07-01 10:44:22'), 5);
INSERT INTO books_classification(ID, WORD_ID, CATEGORY_ID, SEQUENCE, CREATE_TIME, MODIFY_TIME, GRA_ID) VALUES (27, 27, 2, 13, ('2009-07-05 15:01:01'),  ('2009-07-05 15:01:01'), 5);
INSERT INTO books_classification(ID, WORD_ID, CATEGORY_ID, SEQUENCE, CREATE_TIME, MODIFY_TIME, GRA_ID) VALUES (28, 28, 2, 14, ('2009-07-05 15:01:01'),  ('2009-07-05 15:01:01'), 6);

INSERT INTO books_examplesentence(id, example_sentence_ch, example_sentence_en, word_id) VALUES (1,'这是apartment的中文例句','this is sentence about apartment',1);
INSERT INTO books_examplesentence(id, example_sentence_ch, example_sentence_en, word_id) VALUES (2,'这是actually的中文例句','this is sentence about actually',2);
INSERT INTO books_examplesentence(id, example_sentence_ch, example_sentence_en, word_id) VALUES (3,'这是AD的中文例句','this is sentence about AD',3);
INSERT INTO books_examplesentence(id, example_sentence_ch, example_sentence_en, word_id) VALUES (4,'这是base的中文例句','this is sentence about base',4);
INSERT INTO books_examplesentence(id, example_sentence_ch, example_sentence_en, word_id) VALUES (5,'这是at present的中文例句','this is sentence about at present',5);
INSERT INTO books_examplesentence(id, example_sentence_ch, example_sentence_en, word_id) VALUES (6,'这是Danish的中文例句','this is sentence about Danish',6);
INSERT INTO books_examplesentence(id, example_sentence_ch, example_sentence_en, word_id) VALUES (7,'这是enrich的中文例句','this is sentence about enrich',7);
INSERT INTO books_examplesentence(id, example_sentence_ch, example_sentence_en, word_id) VALUES (8,'这是vocabulary的中文例句','this is sentence about vocabulary',8);
INSERT INTO books_examplesentence(id, example_sentence_ch, example_sentence_en, word_id) VALUES (9,'中文例句','English example sentence',9);
INSERT INTO books_examplesentence(id, example_sentence_ch, example_sentence_en, word_id) VALUES (10,'中文例句','English example sentence',10);
INSERT INTO books_examplesentence(id, example_sentence_ch, example_sentence_en, word_id) VALUES (11,'中文例句','English example sentence',11);
INSERT INTO books_examplesentence(id, example_sentence_ch, example_sentence_en, word_id) VALUES (12,'中文例句','English example sentence',12);
INSERT INTO books_examplesentence(id, example_sentence_ch, example_sentence_en, word_id) VALUES (13,'中文例句','English example sentence',13);
INSERT INTO books_examplesentence(id, example_sentence_ch, example_sentence_en, word_id) VALUES (14,'中文例句','English example sentence',14);
INSERT INTO books_examplesentence(id, example_sentence_ch, example_sentence_en, word_id) VALUES (15,'中文例句','English example sentence',15);
INSERT INTO books_examplesentence(id, example_sentence_ch, example_sentence_en, word_id) VALUES (16,'中文例句','English example sentence',16);
INSERT INTO books_examplesentence(id, example_sentence_ch, example_sentence_en, word_id) VALUES (17,'中文例句','English example sentence',17);
INSERT INTO books_examplesentence(id, example_sentence_ch, example_sentence_en, word_id) VALUES (18,'中文例句','English example sentence',18);
INSERT INTO books_examplesentence(id, example_sentence_ch, example_sentence_en, word_id) VALUES (19,'中文例句','English example sentence',19);
INSERT INTO books_examplesentence(id, example_sentence_ch, example_sentence_en, word_id) VALUES (20,'中文例句','English example sentence',20);
INSERT INTO books_examplesentence(id, example_sentence_ch, example_sentence_en, word_id) VALUES (21,'中文例句','English example sentence',21);
INSERT INTO books_examplesentence(id, example_sentence_ch, example_sentence_en, word_id) VALUES (22,'中文例句','English example sentence',22);
INSERT INTO books_examplesentence(id, example_sentence_ch, example_sentence_en, word_id) VALUES (23,'中文例句','English example sentence',23);
INSERT INTO books_examplesentence(id, example_sentence_ch, example_sentence_en, word_id) VALUES (24,'中文例句','English example sentence',24);
INSERT INTO books_examplesentence(id, example_sentence_ch, example_sentence_en, word_id) VALUES (25,'中文例句','English example sentence',25);
INSERT INTO books_examplesentence(id, example_sentence_ch, example_sentence_en, word_id) VALUES (26,'中文例句','English example sentence',26);
INSERT INTO books_examplesentence(id, example_sentence_ch, example_sentence_en, word_id) VALUES (27,'中文例句','English example sentence',27);
INSERT INTO books_examplesentence(id, example_sentence_ch, example_sentence_en, word_id) VALUES (28,'中文例句','English example sentence',28);

insert into information_student(id, student_name, email, login_times, coin_total, register_time, pay_status, classes_id, avatar, vocabularies, cumulative_study_duration, last_login, grade, school) values (1, '李明', '1000001@qq.com', 1, 0, '2019-08-12', true, 1, '', 1000, 5, now(), 100, '北京四中');
insert into information_student(id, student_name, email, login_times, coin_total, register_time, pay_status, classes_id, avatar, vocabularies, cumulative_study_duration, last_login, grade, school) values (2, '李磊', '1000002@qq.com', 4, 0, '2019-08-12', true, 1, '', 1000, 6, now(), 99, '北京四中');
insert into information_student(id, student_name, email, login_times, coin_total, register_time, pay_status, classes_id, avatar, vocabularies, cumulative_study_duration, last_login, grade, school) values (3, '小刚', '1000003@qq.com', 3, 0, '2019-08-12', false, 1, '', 1000, 5, now(), 55,'北京四中');
insert into information_student(id, student_name, email, login_times, coin_total, register_time, pay_status, classes_id, avatar, vocabularies, cumulative_study_duration, last_login, grade, school) values (4, '小红', '1000004@qq.com', 2, 0, '2019-08-12', false, 1, '', 1000, 8, now(), 88, '北京四中');
insert into information_student(id, student_name, email, login_times, coin_total, register_time, pay_status, classes_id, avatar, vocabularies, cumulative_study_duration, last_login, grade, school) values (5, '小绿', '1000005@qq.com', 4, 0, '2019-08-12', true, 1, '', 1000, 9, now(), 65, '北京四中');
insert into information_student(id, student_name, email, login_times, coin_total, register_time, pay_status, classes_id, avatar, vocabularies, cumulative_study_duration, last_login, grade, school) values (6, '王刚', '1000006@qq.com', 8, 0, '2019-08-12', true, 2, '', 1000, 7, now(), 99, '北京四中');
insert into information_student(id, student_name, email, login_times, coin_total, register_time, pay_status, classes_id, avatar, vocabularies, cumulative_study_duration, last_login, grade, school) values (7, '张三', '1000007@qq.com', 9, 0, '2019-08-12', false, 2, '', 1000, 8, now(), 100, '北京四中');
insert into information_student(id, student_name, email, login_times, coin_total, register_time, pay_status, classes_id, avatar, vocabularies, cumulative_study_duration, last_login, grade, school) values (8, '李四', '1000008@qq.com', 12, 0, '2019-08-12', false, 2, '', 1000, 9, now(), 77, '北京四中');
insert into information_student(id, student_name, email, login_times, coin_total, register_time, pay_status, classes_id, avatar, vocabularies, cumulative_study_duration, last_login, grade, school) values (9, '赵武', '1000009qq.com', 13, 0, '2019-08-12', false, 2, '', 1000, 10, now(), 66, '北京四中');
insert into information_student(id, student_name, email, login_times, coin_total, register_time, pay_status, classes_id, avatar, vocabularies, cumulative_study_duration, last_login, grade, school) values (10, '刘六', '1000010@qq.com', 15, 0, '2019-08-12', true, 2, '', 1000, 5, now(), 100, '北京四中');
insert into information_student(id, student_name, email, login_times, coin_total, register_time, pay_status, classes_id, avatar, vocabularies, cumulative_study_duration, last_login, grade, school) values (11, '李一', '1000011@qq.com', 1, 0, '2019-08-12', true, 2, '', 1000, 5, now(), 100, '北京四中');
insert into information_student(id, student_name, email, login_times, coin_total, register_time, pay_status, classes_id, avatar, vocabularies, cumulative_study_duration, last_login, grade, school) values (12, '李二', '1000012@qq.com', 2, 0, '2019-08-13', false, 2, '', 1000, 6, now(), 99, '北京四中');
insert into information_student(id, student_name, email, login_times, coin_total, register_time, pay_status, classes_id, avatar, vocabularies, cumulative_study_duration, last_login, grade, school) values (13, '李三', '1000013@qq.com', 3, 0, '2019-08-13', true, 3, '', 1000, 5, now(), 55,'北京四中');
insert into information_student(id, student_name, email, login_times, coin_total, register_time, pay_status, classes_id, avatar, vocabularies, cumulative_study_duration, last_login, grade, school) values (14, '李四', '1000014@qq.com', 4, 0, '2019-08-13', false, 3, '', 1000, 8, now(), 88, '北京四中');
insert into information_student(id, student_name, email, login_times, coin_total, register_time, pay_status, classes_id, avatar, vocabularies, cumulative_study_duration, last_login, grade, school) values (15, '李五', '1000015@qq.com', 5, 0, '2019-08-13', true, 3, '', 1000, 9, now(), 65, '北京四中');
insert into information_student(id, student_name, email, login_times, coin_total, register_time, pay_status, classes_id, avatar, vocabularies, cumulative_study_duration, last_login, grade, school) values (16, '李六', '1000016@qq.com', 10, 0, '2019-08-13', true, 3, '', 1000, 7, now(), 99, '北京四中');
insert into information_student(id, student_name, email, login_times, coin_total, register_time, pay_status, classes_id, avatar, vocabularies, cumulative_study_duration, last_login, grade, school) values (17, '李七', '1000017@qq.com', 9, 0, '2019-08-13', false, 3, '', 1000, 8, now(), 100, '北京四中');
insert into information_student(id, student_name, email, login_times, coin_total, register_time, pay_status, classes_id, avatar, vocabularies, cumulative_study_duration, last_login, grade, school) values (18, '李八', '1000018@qq.com', 6, 0, '2019-08-13', true, 3, '', 1000, 9, now(), 77, '北京四中');
insert into information_student(id, student_name, email, login_times, coin_total, register_time, pay_status, classes_id, avatar, vocabularies, cumulative_study_duration, last_login, grade, school) values (19, '李九', '10000019@qq.com', 13, 0, '2019-08-13', false, 3, '', 1000, 10, now(), 66, '北京四中');
insert into information_student(id, student_name, email, login_times, coin_total, register_time, pay_status, classes_id, avatar, vocabularies, cumulative_study_duration, last_login, grade, school) values (20, '李石', '1000020@qq.com', 15, 0, '2019-08-13', true, 4, '', 1000, 5, now(), 100, '北京四中');
insert into information_student(id, student_name, email, login_times, coin_total, register_time, pay_status, classes_id, avatar, vocabularies, cumulative_study_duration, last_login, grade, school) values (21, '王一', '1000021@qq.com', 5, 0, '2019-08-11', false, 4, '', 1000, 5, now(), 100, '北京四中');
insert into information_student(id, student_name, email, login_times, coin_total, register_time, pay_status, classes_id, avatar, vocabularies, cumulative_study_duration, last_login, grade, school) values (22, '王二', '1000022@qq.com', 3, 0, '2019-08-11', true, 4, '', 1000, 6, now(), 99, '北京四中');
insert into information_student(id, student_name, email, login_times, coin_total, register_time, pay_status, classes_id, avatar, vocabularies, cumulative_study_duration, last_login, grade, school) values (23, '王三', '1000023@qq.com', 1, 0, '2019-08-11', false, 4, '', 1000, 5, now(), 55,'北京四中');
insert into information_student(id, student_name, email, login_times, coin_total, register_time, pay_status, classes_id, avatar, vocabularies, cumulative_study_duration, last_login, grade, school) values (24, '王四', '10000024@qq.com', 2, 0, '2019-08-11', true, 5, '', 1000, 8, now(), 88, '北京四中');
insert into information_student(id, student_name, email, login_times, coin_total, register_time, pay_status, classes_id, avatar, vocabularies, cumulative_study_duration, last_login, grade, school) values (25, '王五', '1000025@qq.com', 3, 0, '2019-08-11', false, 5, '', 1000, 9, now(), 65, '北京四中');
insert into information_student(id, student_name, email, login_times, coin_total, register_time, pay_status, classes_id, avatar, vocabularies, cumulative_study_duration, last_login, grade, school) values (26, '王七', '1000026@qq.com', 11, 0, '2019-08-11', true, 5, '', 1000, 7, now(), 99, '北京四中');
insert into information_student(id, student_name, email, login_times, coin_total, register_time, pay_status, classes_id, avatar, vocabularies, cumulative_study_duration, last_login, grade, school) values (27, '王八', '1000027@qq.com', 9, 0, '2019-08-11', false, 5, '', 1000, 8, now(), 100, '北京四中');
insert into information_student(id, student_name, email, login_times, coin_total, register_time, pay_status, classes_id, avatar, vocabularies, cumulative_study_duration, last_login, grade, school) values (28, '王九', '1000028@qq.com', 12, 0, '2019-08-11', true, 6, '', 1000, 9, now(), 77, '北京四中');
insert into information_student(id, student_name, email, login_times, coin_total, register_time, pay_status, classes_id, avatar, vocabularies, cumulative_study_duration, last_login, grade, school) values (29, '王石', '10000029@qq.com', 13, 0, '2019-08-11', false, 6, '', 1000, 10, now(), 66, '北京四中');
insert into information_student(id, student_name, email, login_times, coin_total, register_time, pay_status, classes_id, avatar, vocabularies, cumulative_study_duration, last_login, grade, school) values (30, '刘一', '1000030@qq.com', 15, 0, '2019-08-11', true, 6, '', 1000, 5, now(), 100, '北京四中');
insert into information_student(id, student_name, email, login_times, coin_total, register_time, pay_status, classes_id, avatar, vocabularies, cumulative_study_duration, last_login, grade, school) values (31, '刘二', '1000031@qq.com', 5, 0, '2019-08-09', false, 6, '', 1000, 5, now(), 100, '北京四中');
insert into information_student(id, student_name, email, login_times, coin_total, register_time, pay_status, classes_id, avatar, vocabularies, cumulative_study_duration, last_login, grade, school) values (32, '刘三', '1000032@qq.com', 7, 0, '2019-08-09', true, 7, '', 1000, 6, now(), 99, '北京四中');
insert into information_student(id, student_name, email, login_times, coin_total, register_time, pay_status, classes_id, avatar, vocabularies, cumulative_study_duration, last_login, grade, school) values (33, '刘四', '1000033@qq.com', 3, 0, '2019-08-09', false, 7, '', 1000, 5, now(), 55,'北京四中');
insert into information_student(id, student_name, email, login_times, coin_total, register_time, pay_status, classes_id, avatar, vocabularies, cumulative_study_duration, last_login, grade, school) values (34, '刘五', '1000034@qq.com', 2, 0, '2019-08-09', true, 7, '', 1000, 8, now(), 88, '北京四中');
insert into information_student(id, student_name, email, login_times, coin_total, register_time, pay_status, classes_id, avatar, vocabularies, cumulative_study_duration, last_login, grade, school) values (35, '刘六', '10000035@qq.com', 4, 0, '2019-08-09', false, 8, '', 1000, 9, now(), 65, '北京四中');
insert into information_student(id, student_name, email, login_times, coin_total, register_time, pay_status, classes_id, avatar, vocabularies, cumulative_study_duration, last_login, grade, school) values (36, '刘七', '1000036@qq.com', 2, 0, '2019-08-09', true, 8, '', 1000, 7, now(), 99, '北京四中');
insert into information_student(id, student_name, email, login_times, coin_total, register_time, pay_status, classes_id, avatar, vocabularies, cumulative_study_duration, last_login, grade, school) values (37, '刘八', '1000037@qq.com', 9, 0, '2019-08-09', false, 9, '', 1000, 8, now(), 100, '北京四中');
insert into information_student(id, student_name, email, login_times, coin_total, register_time, pay_status, classes_id, avatar, vocabularies, cumulative_study_duration, last_login, grade, school) values (38, '刘九', '1000038@qq.com', 12, 0, '2019-08-09', true, 9, '', 1000, 9, now(), 77, '北京四中');
insert into information_student(id, student_name, email, login_times, coin_total, register_time, pay_status, classes_id, avatar, vocabularies, cumulative_study_duration, last_login, grade, school) values (39, '刘十', '1000039@qq.com', 13, 0, '2019-08-09', true, 9, '', 1000, 10, now(), 66, '北京四中');
insert into information_student(id, student_name, email, login_times, coin_total, register_time, pay_status, classes_id, avatar, vocabularies, cumulative_study_duration, last_login, grade, school) values (40, '赵一', '1000040@qq.com', 4, 0, '2019-08-09', false, 10, '', 1000, 5, now(), 100, '北京四中');
insert into information_student(id, student_name, email, login_times, coin_total, register_time, pay_status, classes_id, avatar, vocabularies, cumulative_study_duration, last_login, grade, school) values (41, '赵二', '1000041@qq.com', 5, 0, '2019-08-08', true, 10, '', 1000, 5, now(), 100, '北京四中');
insert into information_student(id, student_name, email, login_times, coin_total, register_time, pay_status, classes_id, avatar, vocabularies, cumulative_study_duration, last_login, grade, school) values (42, '赵三', '1000042@qq.com', 4, 0, '2019-08-08', false, 10, '', 1000, 6, now(), 99, '北京四中');
insert into information_student(id, student_name, email, login_times, coin_total, register_time, pay_status, classes_id, avatar, vocabularies, cumulative_study_duration, last_login, grade, school) values (43, '赵四', '1000043@qq.com', 12, 0, '2019-08-08', true, 11, '', 1000, 5, now(), 55,'北京四中');
insert into information_student(id, student_name, email, login_times, coin_total, register_time, pay_status, classes_id, avatar, vocabularies, cumulative_study_duration, last_login, grade, school) values (44, '赵五', '1000044@qq.com', 2, 0, '2019-08-08', true, 12, '', 1000, 8, now(), 88, '北京四中');
insert into information_student(id, student_name, email, login_times, coin_total, register_time, pay_status, classes_id, avatar, vocabularies, cumulative_study_duration, last_login, grade, school) values (45, '赵六', '1000045@qq.com', 4, 0, '2019-08-08', false, 11, '', 1000, 9, now(), 65, '北京四中');
insert into information_student(id, student_name, email, login_times, coin_total, register_time, pay_status, classes_id, avatar, vocabularies, cumulative_study_duration, last_login, grade, school) values (46, '赵七', '1000046@qq.com', 8, 0, '2019-08-08', true, 11, '', 1000, 7, now(), 99, '北京四中');
insert into information_student(id, student_name, email, login_times, coin_total, register_time, pay_status, classes_id, avatar, vocabularies, cumulative_study_duration, last_login, grade, school) values (47, '赵八', '1000047@qq.com', 1, 0, '2019-08-08', false, 12, '', 1000, 8, now(), 100, '北京四中');
insert into information_student(id, student_name, email, login_times, coin_total, register_time, pay_status, classes_id, avatar, vocabularies, cumulative_study_duration, last_login, grade, school) values (48, '赵九', '1000048@qq.com', 12, 0, '2019-08-08', true, 12, '', 1000, 9, now(), 77, '北京四中');
insert into information_student(id, student_name, email, login_times, coin_total, register_time, pay_status, classes_id, avatar, vocabularies, cumulative_study_duration, last_login, grade, school) values (49, '赵十', '1000049@qq.com', 2, 0, '2019-08-08', false, 11, '', 1000, 10, now(), 66, '北京四中');
insert into information_student(id, student_name, email, login_times, coin_total, register_time, pay_status, classes_id, avatar, vocabularies, cumulative_study_duration, last_login, grade, school) values (50, '张三', '1000050@qq.com', 15, 0, '2019-08-08', true, 11, '', 1000, 5, now(), 100, '北京四中');

INSERT INTO competitions_competitioninfo(id, name, organiser, status, create_time, begin_time, end_time, max_number, type, difficulty, tool, zn_to_en, en_to_zn, listen_to_spelling, listen_to_choose, coin_number, book_id, top_number, award, classes, school, grade) VALUES(1, '无限挑战', 'organizer', 'proceeding', now(), now(), CURDATE(),5000, 'infinite',  ' easy', True, False, False, False, False, 0, 2, 3, 50, 'all', 'school-beijing', 7);
INSERT INTO competitions_competitioninfo(id, name, organiser, status, create_time, begin_time, end_time, max_number, type, difficulty, tool, zn_to_en, en_to_zn, listen_to_spelling, listen_to_choose, coin_number, book_id, top_number, award, classes, school, grade) VALUES(2, 'PK比赛', 'organizer', 'forbid', now(), now(), CURDATE(),5000, 'pk', 'difficult', True, False, False, False, False, 0, 2, 3, 50, 'all', 'school-beijing', 8);
INSERT INTO competitions_competitioninfo(id, name, organiser, status, create_time, begin_time, end_time, max_number, type, difficulty, tool, zn_to_en, en_to_zn, listen_to_spelling, listen_to_choose, coin_number, book_id, top_number, award, classes, school, grade) VALUES(3, 'PK比赛', 'organizer', 'forbid', now(), now(), CURDATE(),5000, 'infinite', 'middle', True, False, False, False, False, 0, 2, 3, 50, 'all', 'school-beijing', 8);
INSERT INTO competitions_competitioninfo(id, name, organiser, status, create_time, begin_time, end_time, max_number, type, difficulty, tool, zn_to_en, en_to_zn, listen_to_spelling, listen_to_choose, coin_number, book_id, top_number, award, classes, school, grade) VALUES(4, 'PK比赛', 'organizer', 'forbid', now(), now(), CURDATE(),5000, 'pk', 'middle', True, False, False, False, False, 0, 2, 3, 50, 'all', 'school-beijing', 8);
INSERT INTO competitions_competitioninfo(id, name, organiser, status, create_time, begin_time, end_time, max_number, type, difficulty, tool, zn_to_en, en_to_zn, listen_to_spelling, listen_to_choose, coin_number, book_id, top_number, award, classes, school, grade) VALUES(5, 'PK比赛', 'organizer', 'forbid', now(), now(), CURDATE(),5000, 'infinite', 'easy', True, False, False, False, False, 0, 2, 3, 50, 'all', 'school-beijing', 8);
INSERT INTO competitions_competitioninfo(id, name, organiser, status, create_time, begin_time, end_time, max_number, type, difficulty, tool, zn_to_en, en_to_zn, listen_to_spelling, listen_to_choose, coin_number, book_id, top_number, award, classes, school, grade) VALUES(6, 'PK比赛', 'organizer', 'forbid', now(), now(), CURDATE(),5000, 'pk', 'difficult', True, False, False, False, False, 0, 2, 3, 50, 'all', 'school-beijing', 8);
INSERT INTO competitions_competitioninfo(id, name, organiser, status, create_time, begin_time, end_time, max_number, type, difficulty, tool, zn_to_en, en_to_zn, listen_to_spelling, listen_to_choose, coin_number, book_id, top_number, award, classes, school, grade) VALUES(7, 'PK比赛', 'organizer', 'forbid', now(), now(), CURDATE(),5000, 'infinite', 'middle', True, False, False, False, False, 0, 2, 3, 50, 'all', 'school-beijing', 8);
INSERT INTO competitions_competitioninfo(id, name, organiser, status, create_time, begin_time, end_time, max_number, type, difficulty, tool, zn_to_en, en_to_zn, listen_to_spelling, listen_to_choose, coin_number, book_id, top_number, award, classes, school, grade) VALUES(8, 'PK比赛', 'organizer', 'forbid', now(), now(), CURDATE(),5000, 'pk', 'easy', True, False, False, False, False, 0, 2, 3, 50, 'all', 'school-beijing', 8);
INSERT INTO competitions_competitioninfo(id, name, organiser, status, create_time, begin_time, end_time, max_number, type, difficulty, tool, zn_to_en, en_to_zn, listen_to_spelling, listen_to_choose, coin_number, book_id, top_number, award, classes, school, grade) VALUES(9, 'PK比赛', 'organizer', 'forbid', now(), now(), CURDATE(),5000, 'infinite', 'difficult', True, False, False, False, False, 0, 2, 3, 50, 'all', 'school-beijing', 8);
INSERT INTO competitions_competitioninfo(id, name, organiser, status, create_time, begin_time, end_time, max_number, type, difficulty, tool, zn_to_en, en_to_zn, listen_to_spelling, listen_to_choose, coin_number, book_id, top_number, award, classes, school, grade) VALUES(10, 'PK比赛', 'organizer', 'forbid', now(), now(), CURDATE(),5000, 'pk', 'easy', True, False, False, False, False, 0, 2, 3, 50, 'all', 'school-beijing', 8);
INSERT INTO competitions_competitioninfo(id, name, organiser, status, create_time, begin_time, end_time, max_number, type, difficulty, tool, zn_to_en, en_to_zn, listen_to_spelling, listen_to_choose, coin_number, book_id, top_number, award, classes, school, grade) VALUES(11, 'PK比赛', 'organizer', 'forbid', now(), now(), CURDATE(),5000, 'pk', 'easy', True, False, False, False, False, 0, 2, 3, 50, 'all', 'school-beijing', 8);
INSERT INTO competitions_competitioninfo(id, name, organiser, status, create_time, begin_time, end_time, max_number, type, difficulty, tool, zn_to_en, en_to_zn, listen_to_spelling, listen_to_choose, coin_number, book_id, top_number, award, classes, school, grade) VALUES(12, 'PK比赛', 'organizer', 'proceeding', now(), now(), CURDATE(),5000, 'pk', 'difficult', True, False, False, False, False, 0, 2, 3, 50, 'all', 'school-beijing', 8);
INSERT INTO competitions_competitioninfo(id, name, organiser, status, create_time, begin_time, end_time, max_number, type, difficulty, tool, zn_to_en, en_to_zn, listen_to_spelling, listen_to_choose, coin_number, book_id, top_number, award, classes, school, grade) VALUES(13, 'PK比赛', 'organizer', 'proceeding', now(), now(), CURDATE(),5000, 'infinite', 'middle', True, False, False, False, False, 0, 2, 3, 50, 'all', 'school-beijing', 8);
INSERT INTO competitions_competitioninfo(id, name, organiser, status, create_time, begin_time, end_time, max_number, type, difficulty, tool, zn_to_en, en_to_zn, listen_to_spelling, listen_to_choose, coin_number, book_id, top_number, award, classes, school, grade) VALUES(14, 'PK比赛', 'organizer', 'proceeding', now(), now(), CURDATE(),5000, 'pk', 'easy', True, False, False, False, False, 0, 2, 3, 50, 'all', 'school-beijing', 8);
INSERT INTO competitions_competitioninfo(id, name, organiser, status, create_time, begin_time, end_time, max_number, type, difficulty, tool, zn_to_en, en_to_zn, listen_to_spelling, listen_to_choose, coin_number, book_id, top_number, award, classes, school, grade) VALUES(15, 'PK比赛', 'organizer', 'proceeding', now(), now(), CURDATE(),5000, 'infinite', 'easy', True, False, False, False, False, 0, 2, 3, 50, 'all', 'school-beijing', 8);
